Neighborhood,ZIP
Riverdale,10463
Riverdale,10467
Riverdale,10471
Riverdale,10705
Woodlawn-Norwood,10466
Woodlawn-Norwood,10467
Woodlawn-Norwood,10470
Woodlawn-Norwood,10471
Woodlawn-Norwood,10704
Woodlawn-Norwood,10705
Wakefield-Williamsbridge,10466
Wakefield-Williamsbridge,10467
Wakefield-Williamsbridge,10469
Wakefield-Williamsbridge,10470
Wakefield-Williamsbridge,10550
Bedford Park,10458
Bedford Park,10463
Bedford Park,10467
Bedford Park,10468
Bedford Park,10469
Fordham,10458
Fordham,10468
University Heights,10463
University Heights,10468
University Heights,10453
Tremont,10458
Tremont,10460
Tremont,10457
Tremont,10453
Morris Park,10469
Morris Park,10461
Morris Park,10462
Morris Park,10460
South Bronx,10451
South Bronx,10455
South Bronx,10456
South Bronx,10457
South Bronx,10459
South Bronx,10460
South Bronx,10472
South Bronx,10474
High Bridge,10451
High Bridge,10452
High Bridge,10453
Mott Haven,10451
Mott Haven,10454
Mott Haven,10455
Mott Haven,10474
Hunts Point,10454
Hunts Point,10455
Hunts Point,10459
Hunts Point,10472
Hunts Point,10473
Hunts Point,10474
Soundview,10459
Soundview,10460
Soundview,10462
Soundview,10472
Soundview,10473
Soundview,10474
Union Port,10461
Union Port,10462
Union Port,10465
Union Port,10472
Union Port,10473
Throggs Neck,10461
Throggs Neck,10462
Throggs Neck,10465
Throggs Neck,10473
Parkchester,10460
Parkchester,10461
Parkchester,10462
Parkchester,10469
Parkchester,10472
Country Club,10461
Country Club,10469
Country Club,10475
Williams Bridge,10461
Williams Bridge,10469
Williams Bridge,10462
Williams Bridge,10461
Eastchester,10464
Eastchester,10466
Eastchester,10469
Eastchester,10475
Eastchester,10550
